id;category_name;description;slug
1;Louisiana Specialist Home Loan Account;Plastic;Car Industrial deliverables
2;orange Books;magenta monitor 1080p;Unbranded Plastic Tuna Frozen
3;generating Highway Ergonomic;moratorium moratorium;New York tangible Mississippi
4;Frozen bus;hard drive Robust Networked;Poland
5;Small partnerships;Outdoors;Harbor Montana
6;Corporate Phased relationships;white Brand Money Market Account;Salad Web virtual
7;Refined Squares;maroon;EXE projection Fresh
8;support Gorgeous;withdrawal;copying
9;ability Hat Iraq;magenta Concrete;User-centric Gloves
10;Mauritania;facilitate Tasty Concrete Chips Exclusive;Buckinghamshire capability zero tolerance
