id;media_name;media_type;media_url;media_alt;upload_year;upload_month
1;Persevering;Coordinator Cambridgeshire Investor;cross-platform Borders;Libyan Dinar CSS;sensor;Alaska
2;deposit Chips Applications;uniform PCI back up;Tactics architectures Planner;Facilitator Incredible functionalities;compressing;Bedfordshire
3;Maryland Configuration;Intranet Ergonomic Concrete Soap Zambian Kwacha;Concrete Bedfordshire;portal calculating Metal;real-time discrete r;Synergistic Personal
4;Borders;olive Handcrafted Cotton Bacon Unbranded Fresh Pan;incubate;interfaces;Garden Dale Wallis a;generating
5;Computers Small Fresh Gloves back-end;interface;compress lavender Investment Account;backing up;Iran;Philippine Peso Meta
6;Strategist;card Licensed Cotton Ball;mindshare Gorgeous;Chips;navigating;Som Rustic Frozen Ke
7;Benin;Tuna Response invoice;alarm Jamaica;system Gorgeous Rubber Pants;hack;leading-edge
8;Ergonomic Steel Gloves;Developer Shoes Music;Buckinghamshire Hollow Shoes;withdrawal Generic Frozen Tuna;Gorgeous Cotton Chai;Norfolk Island Chile
9;invoice Outdoors New York;multi-byte Jamaican Dollar North Carolina;Station;parsing Investment Account;Branding Dynamic bla;yellow
10;Books Generic;robust withdrawal generate;Garden open-source hybrid;Solomon Islands Dollar;Personal Loan Accoun;schemas Specialist C
