id;size_name;description
1;Creek Investment Account Buckinghamshire;Shoes Intuitive
2;synthesize Baby Credit Card Account;Portugal Persistent
3;hacking Interactions;Idaho strategize
4;value-added Savings Account;Connecticut Avon Money Market Account
5;bus;Security Virginia
6;solid state Clothing deposit;Maine Checking Account markets
7;Unbranded programming District;Concrete
8;Pizza yellow programming;FTP
9;Persistent Investment Account;Handmade Plastic Mouse neural
10;Money Market Account;synergize
