id;new_title;new_content;new_type;created_by;created_date;modified_by;modified_date
1;yellow;Books Generic;robust withdrawal generate;Garden open-source hybrid;11816;Rupiah Personal Loan Account HTTP;73507
2;mobile intermediate;deliverables;multi-byte Producer;Cotton Robust;58054;JSON Texas;23859
3;Dobra application;Fantastic;Liechtenstein Buckinghamshire monetize;Direct;38920;Industrial;90538
4;Fantastic time-frame Quality;Borders Borders Practical;methodical;Pakistan;21272;Data neural Wooden;93092
5;Associate Designer;mindshare;Guam bandwidth Liaison;program Auto Loan Account Refined;8410;Algerian Dinar Fantastic Fresh Salad;70624
6;Sleek;Visionary;exploit transition;User-centric Principal Pennsylvania;35021;bandwidth Buckinghamshire;37798
7;system Triple-buffered;Cotton;Advanced grow;Handmade Wooden Cheese Fresh;64921;synthesize Idaho Markets;37487
8;asymmetric EXE;web services;Industrial Designer Incredible Fresh Car;Principal Senior;25299;Yemeni Rial Sleek;16621
9;magenta heuristic;Credit Card Account Maryland Legacy;Product;Brand Regional Court;62013;client-driven olive;46369
10;one-to-one Indiana;holistic;Architect;Beauty dynamic schemas;60278;clear-thinking Frozen Licensed;94053
